"","ANO_MES","PIB","BRL","BRP","BRT","SLP","SPP","SPT","PRL","PRP","PRT","RJL","RJP","RJT","D1","D2","D3","D4","D5","D6","D7","D8","D9","D10","D11","PIBi1","PIBi2","PIBi3","PIBi4","PIBi5","PIBi6","PIBi7","PIBi8","PIBi9","PIBi10","PIBi11","PIBi12"
"1","jan/04",103.09,109.19,108.67,109.08,102.84,114.27,105.38,127.49,99.72,117.49,115.15,98.66,112.59,1,0,0,0,0,0,0,0,0,0,0,103.91,104.1,106.27,104.52,102.59,102.24,99.96,101.93,101.17,101.7,100.03,100
"2","fev/04",102.05,95.65,104.52,97.63,90.76,109.83,94.99,96.6,99.24,97.55,102.4,90.2,100.51,0,1,0,0,0,0,0,0,0,0,0,103.09,103.91,104.1,106.27,104.52,102.59,102.24,99.96,101.93,101.17,101.7,100.03
"3","mar/04",110.43,91.69,125.53,99.26,89.78,133.24,99.43,83.79,118.44,96.27,105.88,107.36,106.11,0,0,1,0,0,0,0,0,0,0,0,102.05,103.09,103.91,104.1,106.27,104.52,102.59,102.24,99.96,101.93,101.17,101.7
"4","abr/04",106.77,95.36,118.34,100.49,94.58,123.55,101.02,91.79,117.25,100.96,105.64,99.25,104.65,0,0,0,1,0,0,0,0,0,0,0,110.43,102.05,103.09,103.91,104.1,106.27,104.52,102.59,102.24,99.96,101.93,101.17
"5","mai/04",108.08,92.47,121.49,98.96,91.34,128.32,99.55,85.73,117.08,97.02,106.74,102.29,106.05,0,0,0,0,1,0,0,0,0,0,0,106.77,110.43,102.05,103.09,103.91,104.1,106.27,104.52,102.59,102.24,99.96,101.93
"6","jun/04",109.19,89.25,119.93,96.11,87.79,128.51,96.83,84,112.53,94.28,103.06,100.74,102.7,0,0,0,0,0,1,0,0,0,0,0,108.08,106.77,110.43,102.05,103.09,103.91,104.1,106.27,104.52,102.59,102.24,99.96
"7","jul/04",111.95,100.39,125.64,106.03,100.22,135.26,108.01,98.32,116.49,104.87,111.06,105.54,110.21,0,0,0,0,0,0,1,0,0,0,0,109.19,108.08,106.77,110.43,102.05,103.09,103.91,104.1,106.27,104.52,102.59,102.24
"8","ago/04",110.92,94.2,129.67,102.13,93.66,139.38,103.81,87.53,124.59,100.88,106.74,107.29,106.82,0,0,0,0,0,0,0,1,0,0,0,111.95,109.19,108.08,106.77,110.43,102.05,103.09,103.91,104.1,106.27,104.52,102.59
"9","set/04",110.18,95.54,126.7,102.5,94.93,138.84,104.68,91.66,111.49,98.8,106.18,105.65,106.09,0,0,0,0,0,0,0,0,1,0,0,110.92,111.95,109.19,108.08,106.77,110.43,102.05,103.09,103.91,104.1,106.27,104.52
"10","out/04",109.71,99.46,124.85,105.14,98.58,136.18,106.93,93.66,107.63,98.69,111.41,105.84,110.55,0,0,0,0,0,0,0,0,0,1,0,110.18,110.92,111.95,109.19,108.08,106.77,110.43,102.05,103.09,103.91,104.1,106.27
"11","nov/04",109.24,96.88,122.26,102.55,96.49,134.13,104.85,91.18,100.84,94.66,106.29,106.85,106.38,0,0,0,0,0,0,0,0,0,0,1,109.71,110.18,110.92,111.95,109.19,108.08,106.77,110.43,102.05,103.09,103.91,104.1
"12","dez/04",111.53,114.6,124.11,116.72,112.92,134.31,117.67,120.85,102.47,114.23,119.2,114.07,118.4,0,0,0,0,0,0,0,0,0,0,0,109.24,109.71,110.18,110.92,111.95,109.19,108.08,106.77,110.43,102.05,103.09,103.91
"13","jan/05",108.26,113.68,111.74,113.24,108.83,119.75,111.26,130.36,95.64,117.85,114.05,103.19,112.36,1,0,0,0,0,0,0,0,0,0,0,111.53,109.24,109.71,110.18,110.92,111.95,109.19,108.08,106.77,110.43,102.05,103.09
"14","fev/05",105.52,96.36,107.86,98.93,93.41,116.18,98.47,99.42,98.16,98.96,99.13,92.93,98.17,0,1,0,0,0,0,0,0,0,0,0,108.26,111.53,109.24,109.71,110.18,110.92,111.95,109.19,108.08,106.77,110.43,102.05
"15","mar/05",113,101.37,126.91,107.08,101.05,134.88,108.56,97.42,126.79,108,108.69,108.65,108.69,0,0,1,0,0,0,0,0,0,0,0,105.52,108.26,111.53,109.24,109.71,110.18,110.92,111.95,109.19,108.08,106.77,110.43
"16","abr/05",111.39,95.79,120.34,101.27,97.23,130.91,104.71,86.92,108.39,94.65,105.23,103.31,104.94,0,0,0,1,0,0,0,0,0,0,0,113,105.52,108.26,111.53,109.24,109.71,110.18,110.92,111.95,109.19,108.08,106.77
"17","mai/05",112.52,97.85,124.23,103.75,98.25,135.35,106.49,90.68,108.79,97.2,107.9,106.41,107.67,0,0,0,0,1,0,0,0,0,0,0,111.39,113,105.52,108.26,111.53,109.24,109.71,110.18,110.92,111.95,109.19,108.08
"18","jun/05",113.43,92.27,125.26,99.64,92.04,137.16,102.06,82.38,108.76,91.88,104.79,106.35,105.03,0,0,0,0,0,1,0,0,0,0,0,112.52,111.39,113,105.52,108.26,111.53,109.24,109.71,110.18,110.92,111.95,109.19
"19","jul/05",113.43,105.39,123.41,109.42,106.01,135.94,112.65,104.73,106.97,105.54,114.02,105.6,112.72,0,0,0,0,0,0,1,0,0,0,0,113.43,112.52,111.39,113,105.52,108.26,111.53,109.24,109.71,110.18,110.92,111.95
"20","ago/05",114.97,98.47,129.87,105.48,98.78,143.76,108.77,92.84,111.56,99.58,110.16,107.11,109.68,0,0,0,0,0,0,0,1,0,0,0,113.43,113.43,112.52,111.39,113,105.52,108.26,111.53,109.24,109.71,110.18,110.92
"21","set/05",112.7,94.32,123.44,100.82,94.84,136.96,104.2,87.84,101.92,92.91,105.08,107.79,105.5,0,0,0,0,0,0,0,0,1,0,0,114.97,113.43,113.43,112.52,111.39,113,105.52,108.26,111.53,109.24,109.71,110.18
"22","out/05",112.4,98.34,123.36,103.93,98.53,135.58,106.76,92.24,104.73,96.74,110.08,107.76,109.72,0,0,0,0,0,0,0,0,0,1,0,112.7,114.97,113.43,113.43,112.52,111.39,113,105.52,108.26,111.53,109.24,109.71
"23","nov/05",112.86,99,122.21,104.18,99.87,134.09,107.47,95.74,100.88,97.59,106.63,110.33,107.2,0,0,0,0,0,0,0,0,0,0,1,112.4,112.7,114.97,113.43,113.43,112.52,111.39,113,105.52,108.26,111.53,109.24
"24","dez/05",116.38,117.01,124.24,118.62,116.2,135.86,120.56,125.02,100.51,116.19,121.86,115.84,120.93,0,0,0,0,0,0,0,0,0,0,0,112.86,112.4,112.7,114.97,113.43,113.43,112.52,111.39,113,105.52,108.26,111.53
"25","jan/06",113.25,118.57,113.7,117.48,115.45,123.99,117.34,135.03,93.18,119.96,118.46,106.22,116.57,1,0,0,0,0,0,0,0,0,0,0,116.38,112.86,112.4,112.7,114.97,113.43,113.43,112.52,111.39,113,105.52,108.26
"26","fev/06",108.75,98.02,107.46,100.13,94.58,116.19,99.38,97.72,93.17,96.08,101.96,96.01,101.04,0,1,0,0,0,0,0,0,0,0,0,113.25,116.38,112.86,112.4,112.7,114.97,113.43,113.43,112.52,111.39,113,105.52
"27","mar/06",115.06,99.33,128.44,105.83,99.25,139.26,108.14,91.52,114.4,99.76,107.93,111.54,108.49,0,0,1,0,0,0,0,0,0,0,0,108.75,113.25,116.38,112.86,112.4,112.7,114.97,113.43,113.43,112.52,111.39,113
"28","abr/06",111.44,101.14,115.95,104.45,102,125.52,107.23,97.34,100.77,98.57,107.06,98.82,105.78,0,0,0,1,0,0,0,0,0,0,0,115.06,108.75,113.25,116.38,112.86,112.4,112.7,114.97,113.43,113.43,112.52,111.39
"29","mai/06",118.5,96.15,125.46,102.7,96.81,138.08,105.97,88.56,105.64,94.71,107.17,105.01,106.84,0,0,0,0,1,0,0,0,0,0,0,111.44,115.06,108.75,113.25,116.38,112.86,112.4,112.7,114.97,113.43,113.43,112.52
"30","jun/06",116.92,91.19,120.53,97.75,92.35,134.1,101.62,84.71,98.4,89.64,99.83,102.48,100.24,0,0,0,0,0,1,0,0,0,0,0,118.5,111.44,115.06,108.75,113.25,116.38,112.86,112.4,112.7,114.97,113.43,113.43
"31","jul/06",119.58,105.04,125.39,109.59,106.6,139.78,113.97,102.86,104.26,103.37,113.02,106.08,111.95,0,0,0,0,0,0,1,0,0,0,0,116.92,118.5,111.44,115.06,108.75,113.25,116.38,112.86,112.4,112.7,114.97,113.43
"32","ago/06",120.86,98.52,132.42,106.1,99.75,147.78,110.41,89.63,110.73,97.23,109,112.18,109.49,0,0,0,0,0,0,0,1,0,0,0,119.58,116.92,118.5,111.44,115.06,108.75,113.25,116.38,112.86,112.4,112.7,114.97
"33","set/06",118.01,99.62,125.44,105.39,101.2,140.77,109.99,94.71,101.86,97.28,106.86,107.18,106.91,0,0,0,0,0,0,0,0,1,0,0,120.86,119.58,116.92,118.5,111.44,115.06,108.75,113.25,116.38,112.86,112.4,112.7
"34","out/06",119.12,102.56,129.49,108.58,103.62,143.96,112.58,96.26,106.32,99.88,111.14,111.26,111.16,0,0,0,0,0,0,0,0,0,1,0,118.01,120.86,119.58,116.92,118.5,111.44,115.06,108.75,113.25,116.38,112.86,112.4
"35","nov/06",118.83,103.19,127.42,108.61,104.69,143.12,113.22,94.45,98.25,95.82,111.76,110,111.49,0,0,0,0,0,0,0,0,0,0,1,119.12,118.01,120.86,119.58,116.92,118.5,111.44,115.06,108.75,113.25,116.38,112.86
"36","dez/06",120.07,122.65,125.45,123.28,122.75,139.63,126.5,131.44,94.48,118.13,122.39,115.53,121.33,0,0,0,0,0,0,0,0,0,0,0,118.83,119.12,118.01,120.86,119.58,116.92,118.5,111.44,115.06,108.75,113.25,116.38
"37","jan/07",118.52,120.36,119.78,120.23,117.84,132.56,121.1,140.13,93.27,123.26,116.12,107.18,114.74,1,0,0,0,0,0,0,0,0,0,0,120.07,118.83,119.12,118.01,120.86,119.58,116.92,118.5,111.44,115.06,108.75,113.25
"38","fev/07",112.92,103.77,110.95,105.37,101.9,121.44,106.24,105.77,97.88,102.93,104.97,95.05,103.44,0,1,0,0,0,0,0,0,0,0,0,118.52,120.07,118.83,119.12,118.01,120.86,119.58,116.92,118.5,111.44,115.06,108.75
"39","mar/07",119.98,104.32,134.03,110.96,105.49,146.28,114.55,96.4,122.22,105.7,112.82,112.71,112.8,0,0,1,0,0,0,0,0,0,0,0,112.92,118.52,120.07,118.83,119.12,118.01,120.86,119.58,116.92,118.5,111.44,115.06
"40","abr/07",117.61,105.28,121.33,108.87,107.31,133.43,113.11,98.93,100.13,99.36,110.06,102.63,108.91,0,0,0,1,0,0,0,0,0,0,0,119.98,112.92,118.52,120.07,118.83,119.12,118.01,120.86,119.58,116.92,118.5,111.44
"41","mai/07",125.27,101.18,131.61,107.98,102.98,146.24,112.59,93.61,106.54,98.27,109.27,110.63,109.48,0,0,0,0,1,0,0,0,0,0,0,117.61,119.98,112.92,118.52,120.07,118.83,119.12,118.01,120.86,119.58,116.92,118.5
"42","jun/07",124.54,100.57,126.6,106.39,102.3,140.94,110.88,94.95,105.69,98.82,108.74,106.08,108.33,0,0,0,0,0,1,0,0,0,0,0,125.27,117.61,119.98,112.92,118.52,120.07,118.83,119.12,118.01,120.86,119.58,116.92
"43","jul/07",127.67,110.83,131.62,115.47,113.48,145.33,120.56,111.7,110.97,111.44,115.14,113.29,114.85,0,0,0,0,0,0,1,0,0,0,0,124.54,125.27,117.61,119.98,112.92,118.52,120.07,118.83,119.12,118.01,120.86,119.58
"44","ago/07",128.87,105.74,140.98,113.61,107.76,156.55,118.59,97.52,118.78,105.18,114.32,116.82,114.71,0,0,0,0,0,0,0,1,0,0,0,127.67,124.54,125.27,117.61,119.98,112.92,118.52,120.07,118.83,119.12,118.01,120.86
"45","set/07",125.1,109.87,132.59,114.95,112.2,147.98,120.14,106.86,112.19,108.78,114.87,109.72,114.07,0,0,0,0,0,0,0,0,1,0,0,128.87,127.67,124.54,125.27,117.61,119.98,112.92,118.52,120.07,118.83,119.12,118.01
"46","out/07",129.31,112.14,143.13,119.07,114.06,159.38,124.12,108.21,120.25,112.55,118.23,117.74,118.15,0,0,0,0,0,0,0,0,0,1,0,125.1,128.87,127.67,124.54,125.27,117.61,119.98,112.92,118.52,120.07,118.83,119.12
"47","nov/07",126.9,110.79,133.85,115.94,112.13,150.05,120.55,109.43,104.66,107.71,114.07,113.02,113.91,0,0,0,0,0,0,0,0,0,0,1,129.31,125.1,128.87,127.67,124.54,125.27,117.61,119.98,112.92,118.52,120.07,118.83
"48","dez/07",127.44,128.94,129.17,128.99,128.1,142.71,131.34,144.98,101.46,129.31,128.11,115.46,126.15,0,0,0,0,0,0,0,0,0,0,0,126.9,129.31,125.1,128.87,127.67,124.54,125.27,117.61,119.98,112.92,118.52,120.07
"49","jan/08",125.36,127.34,129.4,127.8,123.58,142.22,127.72,152.68,102.87,134.75,124.24,115.75,122.93,1,0,0,0,0,0,0,0,0,0,0,127.44,126.9,129.31,125.1,128.87,127.67,124.54,125.27,117.61,119.98,112.92,118.52
"50","fev/08",123.04,110.7,122.94,113.44,108.81,134.75,114.57,117.71,103.31,112.53,107.25,103.37,106.65,0,1,0,0,0,0,0,0,0,0,0,125.36,127.44,126.9,129.31,125.1,128.87,127.67,124.54,125.27,117.61,119.98,112.92
"51","mar/08",126.39,116.02,133.98,120.04,117.1,145.16,123.33,115.05,122.64,117.78,117.83,111.95,116.92,0,0,1,0,0,0,0,0,0,0,0,123.04,125.36,127.44,126.9,129.31,125.1,128.87,127.67,124.54,125.27,117.61,119.98
"52","abr/08",126.99,109.67,136.35,115.63,112.12,149.29,120.38,106.23,115.8,109.68,111.99,111.52,111.92,0,0,0,1,0,0,0,0,0,0,0,126.39,123.04,125.36,127.44,126.9,129.31,125.1,128.87,127.67,124.54,125.27,117.61
"53","mai/08",132.3,114.63,138.03,119.86,116.41,151.61,124.23,115.58,114.81,115.31,118.21,116.13,117.89,0,0,0,0,1,0,0,0,0,0,0,126.99,126.39,123.04,125.36,127.44,126.9,129.31,125.1,128.87,127.67,124.54,125.27
"54","jun/08",133.99,107.2,137.68,114.01,108.62,153.46,118.57,101.9,112.02,105.54,114.37,114.75,114.43,0,0,0,0,0,1,0,0,0,0,0,132.3,126.99,126.39,123.04,125.36,127.44,126.9,129.31,125.1,128.87,127.67,124.54
"55","jul/08",137.76,120.92,146.31,126.6,123.02,162.52,131.8,126.12,119.6,123.77,124.27,124.36,124.29,0,0,0,0,0,0,1,0,0,0,0,133.99,132.3,126.99,126.39,123.04,125.36,127.44,126.9,129.31,125.1,128.87,127.67
"56","ago/08",135.62,113.72,140.93,119.78,115.56,157.92,124.95,111.59,109.49,110.83,119.3,121.47,119.64,0,0,0,0,0,0,0,1,0,0,0,137.76,133.99,132.3,126.99,126.39,123.04,125.36,127.44,126.9,129.31,125.1,128.87
"57","set/08",135.63,110.83,143.35,118.11,112.24,161.18,123.13,112.24,110.93,111.77,115.9,121.83,116.82,0,0,0,0,0,0,0,0,1,0,0,135.62,137.76,133.99,132.3,126.99,126.39,123.04,125.36,127.44,126.9,129.31,125.1
"58","out/08",134.79,115.73,146.21,122.54,118.56,164.01,128.65,111.21,111.81,111.43,121.41,125.49,122.04,0,0,0,0,0,0,0,0,0,1,0,135.63,135.62,137.76,133.99,132.3,126.99,126.39,123.04,125.36,127.44,126.9,129.31
"59","nov/08",127.38,115.65,132.49,119.41,118.15,147.33,124.61,113.69,102.5,109.66,117.86,114.89,117.4,0,0,0,0,0,0,0,0,0,0,1,134.79,135.63,135.62,137.76,133.99,132.3,126.99,126.39,123.04,125.36,127.44,126.9
"60","dez/08",125.24,135.33,128.07,133.7,134.87,140.43,136.09,155.29,100.44,135.54,131.14,118.85,129.24,0,0,0,0,0,0,0,0,0,0,0,127.38,134.79,135.63,135.62,137.76,133.99,132.3,126.99,126.39,123.04,125.36,127.44
"61","jan/09",122.2,130.45,117.62,127.57,127.16,128.21,127.37,154.92,94.76,133.26,125.26,110.03,122.9,1,0,0,0,0,0,0,0,0,0,0,125.24,127.38,134.79,135.63,135.62,137.76,133.99,132.3,126.99,126.39,123.04,125.36
"62","fev/09",118.48,114.18,113.1,113.92,111.65,122.49,114.04,121.21,98.9,113.17,113.78,102.05,111.96,0,1,0,0,0,0,0,0,0,0,0,122.2,125.24,127.38,134.79,135.63,135.62,137.76,133.99,132.3,126.99,126.39,123.04
"63","mar/09",126.43,113.23,134.77,118.05,116.11,146.4,122.84,110.25,120.1,113.79,119.73,118.09,119.47,0,0,1,0,0,0,0,0,0,0,0,118.48,122.2,125.24,127.38,134.79,135.63,135.62,137.76,133.99,132.3,126.99,126.39
"64","abr/09",123.25,117.87,129.67,120.49,120.92,140.74,125.29,117.75,113.91,116.37,116.4,109.33,115.31,0,0,0,1,0,0,0,0,0,0,0,126.43,118.48,122.2,125.24,127.38,134.79,135.63,135.62,137.76,133.99,132.3,126.99
"65","mai/09",128.47,116.53,134.03,120.43,119.02,147.07,125.24,112.6,111.84,112.33,120.8,116.5,120.14,0,0,0,0,1,0,0,0,0,0,0,123.25,126.43,118.48,122.2,125.24,127.38,134.79,135.63,135.62,137.76,133.99,132.3
"66","jun/09",130.77,110.84,131.04,115.34,112.59,144.39,119.63,106.82,109.39,107.75,116.15,115.06,115.98,0,0,0,0,0,1,0,0,0,0,0,128.47,123.25,126.43,118.48,122.2,125.24,127.38,134.79,135.63,135.62,137.76,133.99
"67","jul/09",132.5,121.82,136.1,124.99,123.8,149.78,129.55,123.21,111.64,119.04,126.23,121.97,125.57,0,0,0,0,0,0,1,0,0,0,0,130.77,128.47,123.25,126.43,118.48,122.2,125.24,127.38,134.79,135.63,135.62,137.76
"68","ago/09",133.13,117.71,135.5,121.66,120.29,150.88,127.05,109.62,107.58,108.89,122.97,119.26,122.4,0,0,0,0,0,0,0,1,0,0,0,132.5,130.77,128.47,123.25,126.43,118.48,122.2,125.24,127.38,134.79,135.63,135.62
"69","set/09",134.73,118.41,137.28,122.61,120.18,153.15,127.49,120.9,104.93,115.15,121.8,122.42,121.89,0,0,0,0,0,0,0,0,1,0,0,133.13,132.5,130.77,128.47,123.25,126.43,118.48,122.2,125.24,127.38,134.79,135.63
"70","out/09",135.48,127.59,143.17,131.04,129.89,160.06,136.56,127.22,108.86,120.61,126.8,125.88,126.66,0,0,0,0,0,0,0,0,0,1,0,134.73,133.13,132.5,130.77,128.47,123.25,126.43,118.48,122.2,125.24,127.38,134.79
"71","nov/09",133.21,121.86,137.55,125.36,124.18,153.31,130.63,120.42,105.55,115.06,123.78,122.76,123.62,0,0,0,0,0,0,0,0,0,0,1,135.48,134.73,133.13,132.5,130.77,128.47,123.25,126.43,118.48,122.2,125.24,127.38
"72","dez/09",136.3,142.61,138.79,141.75,141.56,152.21,143.92,167.44,106.3,145.42,136.32,129.39,135.25,0,0,0,0,0,0,0,0,0,0,0,133.21,135.48,134.73,133.13,132.5,130.77,128.47,123.25,126.43,118.48,122.2,125.24
"73","jan/10",131.77,137.56,126.22,135.03,131.69,136.27,132.7,171.8,101.57,146.51,132.66,116.81,130.21,1,0,0,0,0,0,0,0,0,0,0,136.3,133.21,135.48,134.73,133.13,132.5,130.77,128.47,123.25,126.43,118.48,122.2
"74","fev/10",130.08,118.38,126.79,120.32,114.36,136.58,119.32,129.65,115.96,124.72,116.34,107.4,114.96,0,1,0,0,0,0,0,0,0,0,0,131.77,136.3,133.21,135.48,134.73,133.13,132.5,130.77,128.47,123.25,126.43,118.48
"75","mar/10",141.39,120.37,153.96,128.01,121.39,168.47,131.98,119.73,131.32,123.9,122.81,130.37,124.07,0,0,1,0,0,0,0,0,0,0,0,130.08,131.77,136.3,133.21,135.48,134.73,133.13,132.5,130.77,128.47,123.25,126.43
"76","abr/10",135.86,121.8,143.6,126.84,127.32,162.23,135.2,130.31,119.92,126.44,115.68,115.04,115.64,0,0,0,1,0,0,0,0,0,0,0,141.39,130.08,131.77,136.3,133.21,135.48,134.73,133.13,132.5,130.77,128.47,123.25
"77","mai/10",140.13,123.13,152.7,129.97,128.04,174.58,138.55,123.74,122.55,123.3,124.79,128.49,125.52,0,0,0,0,1,0,0,0,0,0,0,135.86,141.39,130.08,131.77,136.3,133.21,135.48,134.73,133.13,132.5,130.77,128.47
"78","jun/10",139.85,117.06,146.27,123.75,120.99,166.82,131.28,118.91,119.57,119.1,116.83,121.82,117.75,0,0,0,0,0,1,0,0,0,0,0,140.13,135.86,141.39,130.08,131.77,136.3,133.21,135.48,134.73,133.13,132.5,130.77
"79","jul/10",142.48,131.89,151.03,136.23,135.93,170.66,143.69,139.73,124.36,134.14,131.97,130.5,131.81,0,0,0,0,0,0,1,0,0,0,0,139.85,140.13,135.86,141.39,130.08,131.77,136.3,133.21,135.48,134.73,133.13,132.5
"80","ago/10",143.56,127.23,156.87,134.07,131.64,179.96,142.51,128.65,127.74,128.37,130.12,133.2,130.79,0,0,0,0,0,0,0,1,0,0,0,142.48,139.85,140.13,135.86,141.39,130.08,131.77,136.3,133.21,135.48,134.73,133.13
"81","set/10",142.76,127.66,155.39,134.01,131.19,178.41,141.8,135.11,125.54,131.93,127.66,132.24,128.49,0,0,0,0,0,0,0,0,1,0,0,143.56,142.48,139.85,140.13,135.86,141.39,130.08,131.77,136.3,133.21,135.48,134.73
"82","out/10",142.38,133.4,156.29,138.64,137.81,178.15,146.84,136.21,120.28,130.59,132.3,132.6,132.39,0,0,0,0,0,0,0,0,0,1,0,142.76,143.56,142.48,139.85,140.13,135.86,141.39,130.08,131.77,136.3,133.21,135.48
"83","nov/10",142.92,132.64,150.96,136.75,138.45,172.63,146.05,136.57,117.54,129.65,124.08,131.45,125.47,0,0,0,0,0,0,0,0,0,0,1,142.38,142.76,143.56,142.48,139.85,140.13,135.86,141.39,130.08,131.77,136.3,133.21
"84","dez/10",144.72,154.18,152.3,153.81,157.52,172.3,160.84,176.86,114.11,154.32,142.98,140.86,142.79,0,0,0,0,0,0,0,0,0,0,0,142.92,142.38,142.76,143.56,142.48,139.85,140.13,135.86,141.39,130.08,131.77,136.3
"85","jan/11",138.88,151.62,139.8,149,149.91,155.15,151.07,195.33,123.02,169.42,136.68,124.32,134.88,1,0,0,0,0,0,0,0,0,0,0,144.72,142.92,142.38,142.76,143.56,142.48,139.85,140.13,135.86,141.39,130.08,131.77
"86","fev/11",138.34,123.4,142.54,128,124.31,159.6,132.37,127.02,120.12,124.7,118.64,121.9,119.48,0,1,0,0,0,0,0,0,0,0,0,138.88,144.72,142.92,142.38,142.76,143.56,142.48,139.85,140.13,135.86,141.39,130.08
"87","mar/11",141.89,135.2,157.44,139.93,139,176.17,147.14,142.75,137.54,140.42,130.88,127.22,130.05,0,0,1,0,0,0,0,0,0,0,0,138.34,138.88,144.72,142.92,142.38,142.76,143.56,142.48,139.85,140.13,135.86,141.39
"88","abr/11",139.03,136.19,150.81,139.43,142.59,169.07,148.42,146.14,126.1,138.61,129.18,123.85,128.28,0,0,0,1,0,0,0,0,0,0,0,141.89,138.34,138.88,144.72,142.92,142.38,142.76,143.56,142.48,139.85,140.13,135.86
"89","mai/11",147.26,129.09,162.91,136.97,135.24,184.44,146.35,127.69,137.63,131.53,128.35,135.37,129.7,0,0,0,0,1,0,0,0,0,0,0,139.03,141.89,138.34,138.88,144.72,142.92,142.38,142.76,143.56,142.48,139.85,140.13
"90","jun/11",146.18,129.18,155.89,135.19,134.15,177.33,143.74,129.91,131.58,130.47,128.16,130.44,128.57,0,0,0,0,0,1,0,0,0,0,0,147.26,139.03,141.89,138.34,138.88,144.72,142.92,142.38,142.76,143.56,142.48,139.85
"91","jul/11",148,140.05,161.02,144.82,144.71,182.58,153.19,147.84,134.38,143,140.17,135.18,139.36,0,0,0,0,0,0,1,0,0,0,0,146.18,147.26,139.03,141.89,138.34,138.88,144.72,142.92,142.38,142.76,143.56,142.48
"92","ago/11",149.37,132.57,167.65,140.75,138.14,192.72,150.47,129.25,136.79,132.24,135.07,140.18,136.13,0,0,0,0,0,0,0,1,0,0,0,148,146.18,147.26,139.03,141.89,138.34,138.88,144.72,142.92,142.38,142.76,143.56
"93","set/11",147.09,131.78,162.97,138.98,136.75,187.18,148.1,134.06,131.61,133.67,131.84,138.71,133.09,0,0,0,0,0,0,0,0,1,0,0,149.37,148,146.18,147.26,139.03,141.89,138.34,138.88,144.72,142.92,142.38,142.76
"94","out/11",146.16,137.97,162.97,143.73,143.77,185.43,153.09,136.52,131.85,135.33,136.66,137.36,136.82,0,0,0,0,0,0,0,0,0,1,0,147.09,149.37,148,146.18,147.26,139.03,141.89,138.34,138.88,144.72,142.92,142.38
"95","nov/11",146,137.08,159.29,142.15,141.96,181.84,150.9,142.38,128.93,137.67,132.14,134.87,132.68,0,0,0,0,0,0,0,0,0,0,1,146.16,147.09,149.37,148,146.18,147.26,139.03,141.89,138.34,138.88,144.72,142.92
"96","dez/11",148.12,158.51,157.53,158.37,160.9,176.25,164.34,187.17,126.26,165.5,145.25,141.18,144.71,0,0,0,0,0,0,0,0,0,0,0,146,146.16,147.09,149.37,148,146.18,147.26,139.03,141.89,138.34,138.88,144.72
"97","jan/12",140.58,156.74,146.51,154.53,154.4,160.38,155.75,203.39,133.01,178.27,141.88,131.1,140.38,1,0,0,0,0,0,0,0,0,0,0,148.12,146,146.16,147.09,149.37,148,146.18,147.26,139.03,141.89,138.34,138.88
"98","fev/12",138.83,140.2,144.6,140.97,139.35,160.15,143.97,155.49,128,145.32,132.65,122.71,131.12,0,1,0,0,0,0,0,0,0,0,0,140.58,148.12,146,146.16,147.09,149.37,148,146.18,147.26,139.03,141.89,138.34
"99","mar/12",144.47,138.22,167.88,144.75,142.01,186.52,151.87,138.53,145.76,140.99,137.67,141.66,138.25,0,0,1,0,0,0,0,0,0,0,0,138.83,140.58,148.12,146,146.16,147.09,149.37,148,146.18,147.26,139.03,141.89
"100","abr/12",139.93,140.03,152.97,142.73,145.34,169.98,150.75,148.41,131.61,142.11,133.43,125.57,132.06,0,0,0,1,0,0,0,0,0,0,0,144.47,138.83,140.58,148.12,146,146.16,147.09,149.37,148,146.18,147.26,139.03
"101","mai/12",149.7,135.11,164.62,141.89,140.62,184.69,150.33,134.38,140.06,136.59,134.35,139.35,135.32,0,0,0,0,1,0,0,0,0,0,0,139.93,144.47,138.83,140.58,148.12,146,146.16,147.09,149.37,148,146.18,147.26
"102","jun/12",149.23,132.63,156.2,137.84,137.03,176.32,145.5,131.86,129.82,131,131.21,131.97,131.33,0,0,0,0,0,1,0,0,0,0,0,149.7,139.93,144.47,138.83,140.58,148.12,146,146.16,147.09,149.37,148,146.18
"103","jul/12",152.36,147.18,162.47,150.51,152.17,183.02,158.97,155.69,138.3,149.36,145.08,136.94,143.69,0,0,0,0,0,0,1,0,0,0,0,149.23,149.7,139.93,144.47,138.83,140.58,148.12,146,146.16,147.09,149.37,148
"104","ago/12",155.22,139.79,176.36,148.31,145.36,201.22,157.94,136.74,150.34,142.09,140.44,148.67,142.08,0,0,0,0,0,0,0,1,0,0,0,152.36,149.23,149.7,139.93,144.47,138.83,140.58,148.12,146,146.16,147.09,149.37
"105","set/12",148.26,143.28,163.95,147.8,148.56,187.55,157.11,150.41,138.59,146.41,139.37,136.82,138.87,0,0,0,0,0,0,0,0,1,0,0,155.22,152.36,149.23,149.7,139.93,144.47,138.83,140.58,148.12,146,146.16,147.09
"106","out/12",153.78,145.18,174.4,151.96,150.07,198.94,160.96,148.57,142.04,146.71,143.54,147.43,144.29,0,0,0,0,0,0,0,0,0,1,0,148.26,155.22,152.36,149.23,149.7,139.93,144.47,138.83,140.58,148.12,146,146.16
"107","nov/12",149.43,147.15,164.51,150.96,151.58,187.73,159.71,154.99,134.64,147.62,138.23,139.36,138.47,0,0,0,0,0,0,0,0,0,0,1,153.78,148.26,155.22,152.36,149.23,149.7,139.93,144.47,138.83,140.58,148.12,146
"108","dez/12",148.68,166.64,153.33,163.4,167.63,171.8,168.65,200.26,123.85,172.62,154.02,137.45,151.21,0,0,0,0,0,0,0,0,0,0,0,149.43,153.78,148.26,155.22,152.36,149.23,149.7,139.93,144.47,138.83,140.58,148.12
"109","jan/13",147.75,163.18,156.78,161.94,161.22,173.96,164.38,208.93,142.04,185.18,146.17,136.88,144.95,1,0,0,0,0,0,0,0,0,0,0,148.68,149.43,153.78,148.26,155.22,152.36,149.23,149.7,139.93,144.47,138.83,140.58
"110","fev/13",142.18,137.19,144.42,138.68,135.7,160.72,141.56,151.3,131.38,144.03,130.01,120.32,128.52,0,1,0,0,0,0,0,0,0,0,0,147.75,148.68,149.43,153.78,148.26,155.22,152.36,149.23,149.7,139.93,144.47,138.83
"111","mar/13",149.35,148.84,163.91,151.65,152.08,182.32,158.95,158.37,143.05,152.12,141.51,136.86,140.48,0,0,1,0,0,0,0,0,0,0,0,142.18,147.75,148.68,149.43,153.78,148.26,155.22,152.36,149.23,149.7,139.93,144.47
"112","abr/13",151.2,136.98,169.78,144.63,142.54,188.89,153.02,137.61,146.84,141.21,134.09,136.07,134.55,0,0,0,1,0,0,0,0,0,0,0,149.35,142.18,147.75,148.68,149.43,153.78,148.26,155.22,152.36,149.23,149.7,139.93
"113","mai/13",153.36,144.33,169.92,150.09,149.98,191.17,159.21,146.81,146.87,146.86,142.03,140.17,141.73,0,0,0,0,1,0,0,0,0,0,0,151.2,149.35,142.18,147.75,148.68,149.43,153.78,148.26,155.22,152.36,149.23,149.7
"114","jun/13",151.42,137.23,163.38,143.06,143.06,183.87,151.79,136.22,140.58,137.82,135.49,133.11,135.03,0,0,0,0,0,1,0,0,0,0,0,153.36,151.2,149.35,142.18,147.75,148.68,149.43,153.78,148.26,155.22,152.36,149.23
"115","jul/13",156.05,153.64,171.77,157.66,158.24,192.37,165.94,162.94,149.47,158.14,148.99,144.26,148.24,0,0,0,0,0,0,1,0,0,0,0,151.42,153.36,151.2,149.35,142.18,147.75,148.68,149.43,153.78,148.26,155.22,152.36
"116","ago/13",156.98,149.19,176.95,155.44,155,199.75,165.01,146.63,154.69,149.84,148.14,148.96,148.41,0,0,0,0,0,0,0,1,0,0,0,156.05,151.42,153.36,151.2,149.35,142.18,147.75,148.68,149.43,153.78,148.26,155.22
"117","set/13",153.5,147.01,171.21,152.4,152.45,194.41,161.39,146.57,144.14,146.24,143.9,144.71,144.03,0,0,0,0,0,0,0,0,1,0,0,156.98,156.05,151.42,153.36,151.2,149.35,142.18,147.75,148.68,149.43,153.78,148.26
"118","out/13",156.88,153.27,179.71,159.33,158.85,202.78,168.29,153.6,151.01,153.31,148.74,152.26,149.42,0,0,0,0,0,0,0,0,0,1,0,153.5,156.98,156.05,151.42,153.36,151.2,149.35,142.18,147.75,148.68,149.43,153.78
"119","nov/13",153.2,157.37,164.56,158.58,161.87,184.94,166.54,165.83,139.02,155.97,146.82,141.73,145.91,0,0,0,0,0,0,0,0,0,0,1,156.88,153.5,156.98,156.05,151.42,153.36,151.2,149.35,142.18,147.75,148.68,149.43
"120","dez/13",150.3,174.38,154.95,169.61,176.97,172.74,175.8,210.21,128.95,180.78,155.59,140.49,153.05,0,0,0,0,0,0,0,0,0,0,0,153.2,156.88,153.5,156.98,156.05,151.42,153.36,151.2,149.35,142.18,147.75,148.68
"121","jan/14",151.43,174.96,156.1,170.62,173.04,171.54,172.51,220.03,146.09,193.69,156.69,139.18,154.01,1,0,0,0,0,0,0,0,0,0,0,150.3,153.2,156.88,153.5,156.98,156.05,151.42,153.36,151.2,149.35,142.18,147.75
"122","fev/14",148.92,144.82,158.47,147.9,144.89,175,151.58,149.35,147.25,148.94,134.15,132.8,134.19,0,1,0,0,0,0,0,0,0,0,0,151.43,150.3,153.2,156.88,153.5,156.98,156.05,151.42,153.36,151.2,149.35,142.18
"123","mar/14",151.44,155.45,161.32,155.91,158.85,176.87,162.66,163.4,147.89,157.07,144.71,134.61,142.67,0,0,1,0,0,0,0,0,0,0,0,148.92,151.43,150.3,153.2,156.88,153.5,156.98,156.05,151.42,153.36,151.2,149.35
"124","abr/14",150.92,153.86,159.92,154.8,161.75,174.93,164.35,169.39,143.72,159.73,140.83,130.81,139.07,0,0,0,1,0,0,0,0,0,0,0,151.44,148.92,151.43,150.3,153.2,156.88,153.5,156.98,156.05,151.42,153.36,151.2
"125","mai/14",154.49,149.68,165.52,152.97,154.98,181.95,160.56,150.83,150.1,150.58,146.44,142.25,145.71,0,0,0,0,1,0,0,0,0,0,0,150.92,151.44,148.92,151.43,150.3,153.2,156.88,153.5,156.98,156.05,151.42,153.36
"126","jun/14",148.92,143.25,150.65,144.38,147.91,165.63,151.06,143.93,137.2,141.27,135.57,127.85,134.12,0,0,0,0,0,1,0,0,0,0,0,154.49,150.92,151.44,148.92,151.43,150.3,153.2,156.88,153.5,156.98,156.05,151.42
"127","jul/14",154.34,150.55,165.58,153.8,154.34,181.79,159.98,160.34,152.24,157.6,144.41,141.64,144.02,0,0,0,0,0,0,1,0,0,0,0,148.92,154.49,150.92,151.44,148.92,151.43,150.3,153.2,156.88,153.5,156.98,156.05
"128","ago/14",154.75,157.1,165.43,158.42,162.93,183.95,167.07,157.24,145.07,152.6,149.57,140.28,147.95,0,0,0,0,0,0,0,1,0,0,0,154.34,148.92,154.49,150.92,151.44,148.92,151.43,150.3,153.2,156.88,153.5,156.98
"129","set/14",154.04,150.24,165.35,153.34,155.18,184.73,161.62,153.14,137.95,147.83,144.75,143.29,144.46,0,0,0,0,0,0,0,0,1,0,0,154.75,154.34,148.92,154.49,150.92,151.44,148.92,151.43,150.3,153.2,156.88,153.5
"130","out/14",156.65,158.52,174.27,161.88,164.71,195.26,170.61,159.38,144.26,154.19,150.59,148.59,150.25,0,0,0,0,0,0,0,0,0,1,0,154.04,154.75,154.34,148.92,154.49,150.92,151.44,148.92,151.43,150.3,153.2,156.88
"131","nov/14",151.46,157.98,159.69,157.81,163.41,177.27,165.67,161.48,135.94,152.11,146.93,138.81,145.47,0,0,0,0,0,0,0,0,0,0,1,156.65,154.04,154.75,154.34,148.92,154.49,150.92,151.44,148.92,151.43,150.3,153.2
"132","dez/14",150.7,182.16,153.09,174.97,183.72,168.95,179.56,216.89,128.29,184.64,162.64,140.41,158.81,0,0,0,0,0,0,0,0,0,0,0,151.46,156.65,154.04,154.75,154.34,148.92,154.49,150.92,151.44,148.92,151.43,150.3
"133","jan/15",149.51,177.84,147.92,170.73,175.22,161.17,171.35,226.95,141.16,196.18,156.9,132.21,152.91,1,0,0,0,0,0,0,0,0,0,0,150.7,151.46,156.65,154.04,154.75,154.34,148.92,154.49,150.92,151.44,148.92,151.43
"134","fev/15",144.42,147.35,133.73,143.57,147.81,148.96,147.54,157.3,115.1,141.47,132.48,115.71,129.7,0,1,0,0,0,0,0,0,0,0,0,149.51,150.7,151.46,156.65,154.04,154.75,154.34,148.92,154.49,150.92,151.44,148.92
"135","mar/15",151.68,149.64,163.27,152.09,154.87,179.07,159.56,147.28,153.95,149.51,141.81,135.5,140.47,0,0,1,0,0,0,0,0,0,0,0,144.42,149.51,150.7,151.46,156.65,154.04,154.75,154.34,148.92,154.49,150.92,151.44
"136","abr/15",147.03,153.81,149.93,152.28,161.21,164.74,161.16,162.21,136.55,152.55,138.93,122.07,135.9,0,0,0,1,0,0,0,0,0,0,0,151.68,144.42,149.51,150.7,151.46,156.65,154.04,154.75,154.34,148.92,154.49,150.92
"137","mai/15",148.94,149.66,153.03,149.82,157.03,169.39,158.76,149.06,141.91,146.34,141.03,125.93,138.27,0,0,0,0,1,0,0,0,0,0,0,147.03,151.68,144.42,149.51,150.7,151.46,156.65,154.04,154.75,154.34,148.92,154.49
"138","jun/15",147.37,146.13,147.98,145.84,152.96,162.92,153.86,144.14,142.12,143.28,134.8,122.01,132.4,0,0,0,0,0,1,0,0,0,0,0,148.94,147.03,151.68,144.42,149.51,150.7,151.46,156.65,154.04,154.75,154.34,148.92